place_id,name,lat,lon,full_address,city,province,postal_code,website,phone
node/922164255,Wimpy's Diner,43.7350437,-79.7071812,,,,,,
node/2966355208,Montana's,43.7456053,-79.697795,,,,,,
node/3599545625,GoodEgg Diner,43.738078,-79.7009167,,,,,,
node/4354224256,Cora,43.7447805,-79.6967243,,,,,,
node/4354928501,Denny's,43.74629,-79.6917437,,,,,,
node/4354928506,Khazana,43.746537,-79.6984522,,,,,https://www.khazanacanada.com/,
node/4354928508,Onyxx Sports Bar & Grill,43.7481776,-79.6981407,,,,,,
node/4368024704,Baba's Pizza & Wings,43.7243818,-79.6944024,"8550, Torbram Road, L6T 5C8",,,L6T 5C8,http://www.babaspizza.ca,+1-905-790-6786
node/4368027701,Hakka Yummy Yummy,43.724473,-79.6943171,"8550, Torbram Road, L6T 3P1",,,L6T 3P1,https://hakkayummyyummyrestaurant.foodpages.ca,+1-905-799-1388
node/5570100893,Firangi,43.7428139,-79.6981954,"2880, Queen Street East, Brampton, L6S 6H4",Brampton,,L6S 6H4,https://firangi.ca/,+1-905-791-4678
node/6547808716,Heritage Fish & Chips,43.739199,-79.7024591,,,,,,
node/6547808725,Sunrise Caribbean Restaurant,43.7423145,-79.6991305,,,,,,
node/6547808731,Wild Wing,43.7426396,-79.6985029,,,,,,
node/6547808734,Hakka Flavours,43.7427544,-79.6982903,,,,,,
node/6547808748,Mr. Greek,43.7408336,-79.6981153,,,,,,
node/6575339728,Back-A-Yard Kitchen,43.7222375,-79.6985246,,,,,,
node/7195448399,Tandoori Masala,43.7474201,-79.7140652,,,,,,
node/7195448402,Mangia Mangia,43.7475306,-79.7151864,,,,,,
node/10977113202,Annai,43.724593,-79.6946001,"8550, Torbram Road, Brampton, J4Y 0K7",Brampton,,J4Y 0K7,https://annaitakeout.ca/,+1-905-799-9883
way/34571342,Paranthe Wali Gali,43.7379907,-79.703371,,,,,,
way/34722257,Speranza Restaurant,43.748716,-79.6775771,,,,,https://speranzahall.ca/restaurant,
way/187857987,Boston Pizza,43.7385674,-79.7027767,,,,,,
way/661951651,Kelsey's,43.7419885,-79.698685,,,,,,
way/661951666,Top Shawarma House,43.749308,-79.697782,"100, Maritime Ontario Boulevard, Brampton, L6S0E7",Brampton,,L6S0E7,https://www.topshawarmahouse.com/,+1 905-458-4446
node/2077031191,Karahi Boys,43.715086,-79.7268736,"48, Peel Centre Drive, Brampton, L6T 5M2",Brampton,,L6T 5M2,https://www.karahiboys.com/,+1-905-712-8777
node/2077031205,Pickle Barrel,43.7169641,-79.7227138,,,,,,
node/2214561392,All in One Rest,43.7086228,-79.694717,,,,,,
node/3853511159,Airport Sweets & Tandoori Restaurant,43.7627172,-79.720899,"9899, Airport Road",,,,,
node/4354940911,Punjab by Nature,43.7621877,-79.7229618,,,,,,
node/4354940914,The Spot Bar & Lounge,43.7624263,-79.7227117,,,,,,
node/4462394910,August 8,43.7164693,-79.7233438,,,,,https://www.august8.ca/,+1-905-791-1080
node/4877032725,Golden Palace Chinese Restaurant,43.7491498,-79.7276332,,,,,,
node/4877041123,Daal chini Chines Restaurant,43.7580147,-79.7368387,,,,,,
node/5435792321,Brar Vegetarian Indian Restaurant,43.7607223,-79.7245789,,,,,,
node/5794283706,Rajdhani,43.7516098,-79.7382626,,,,,,
node/5794283707,Madras,43.7519663,-79.7377831,,,,,,
node/5794283708,Giggling Tomatoes,43.7518433,-79.7374754,,,,,,
node/6547874057,Shelby's Legendary Shawarma,43.7150617,-79.7267626,"48, Peel Centre Drive, Brampton, L6T 5M2",Brampton,,L6T 5M2,https://www.shelbys.ca/,+1-289-323-0671
node/6547874069,Milan,43.7136998,-79.7276531,"14, Lisa Street, Brampton, L6T 4W2",Brampton,,L6T 4W2,https://www.eatmilan.com,+1 905-796-7070
node/6547874071,Golden Eggs,43.7138781,-79.7274975,"14, Lisa Street, Brampton, L6T 4W2",Brampton,,L6T 4W2,https://www.goldeneggsalldaybreakfast.ca,+1 905-497-7955
node/6547874083,Oscar's Roadhouse,43.7256047,-79.7153941,,,,,,
node/6575339742,Rejeanne's Bar & Grill,43.7215806,-79.6985142,,,,,,
node/7195447618,China Palace,43.760281,-79.7158623,,,,,,
node/7195462075,Hakka No. 1,43.7100178,-79.6839687,,,,,,
node/7195462076,GT Restaurant & Bar,43.7101457,-79.6853915,,,,,,
node/7195490934,Santa Maria,43.7164061,-79.6835283,,,,,,
node/7195490940,Kwality Sweets & Restaurant,43.713457,-79.6816832,,,,,,
node/7195490942,Tandoori Style,43.7122901,-79.6811564,,,,,,
node/10677393109,Pizza Fiamma,43.7648041,-79.659877,"5, Beaumaris Drive, Brampton",Brampton,,,,+1 905 789 1000
node/10705623310,Gladiator Burger,43.7137281,-79.7283579,"16, Lisa Street, Brampton, L6T 5R2",Brampton,,L6T 5R2,https://www.gladiatorburger.ca/,+1 905-216-0666
node/11406233150,Dhaba Junction,43.7251557,-79.7158964,,,,,,
node/11963528572,Lakshini Chowk,43.7082995,-79.6950613,,,,,,
way/194032944,Moxie's,43.713771,-79.725719,"56, Peel Centre Drive, Brampton",Brampton,,,,
way/265891763,Swiss Chalet,43.7615201,-79.7207958,,,,,,
way/486474576,Turtle Jack's,43.7597826,-79.7169952,,,,,https://turtlejacks.com/,+1-905-595-0519
way/662123294,The Keg,43.715183,-79.7261085,"48, Peel Centre Drive, Brampton",Brampton,,,https://thekeg.com/en/locations/bramalea,+1-289-632-6322
node/375835454,Red Lobster,43.7038716,-79.7411306,"368, Queen Street East",,,,,
node/1914199488,Mr. Greek,43.7300436,-79.7652064,,,,,,
node/1914199499,East Side Mario's,43.7297383,-79.7647901,,,,,,
node/1914199505,Montana's,43.7305988,-79.764704,,,,,,
node/1914225527,Wild Wing,43.7293235,-79.7634544,,,,,,
node/2207135404,Asian Wok 'n' Roll,43.7036424,-79.6434798,,,,,,+1-905-671-8997
node/2272192490,Dixie Sweets,43.7401814,-79.7595218,"630, Peter Robertson Boulevard, Brampton, L6R 1T4",Brampton,,L6R 1T4,,+1-905-463-2233
node/2415504042,Tandoori Flame,43.7015732,-79.7115948,"8150, Dixie Road",,,,,
node/2784003957,The Grecian Place Restaurant & Bar,43.6896227,-79.6708215,"1935, Drew Road, Mississauga, L5S 1M7",Mississauga,,L5S 1M7,http://www.thegrecianplace.ca/,+1-905-677-7884
node/2966438835,Lykn Chicken,43.7128091,-79.6552967,,,,,www.lyknchicken.com,
node/3132410472,Punjabi Dhaba,43.7023303,-79.644613,"2855, Derry Road East, Mississauga",Mississauga,,,,
node/3389672726,,43.7078012,-79.7333189,"148, West Drive, Brampton, L6T 5P1",Brampton,,L6T 5P1,,
node/3474140073,Golden Hut,43.6891797,-79.6711675,,,,,,
node/3507050670,Bombay Palace,43.69182,-79.6957109,,,,,,
node/3507050672,Brar's,43.6904999,-79.6941165,"199, Advance Boulevard, L6T 4N2",,,L6T 4N2,https://www.brars.ca,+1-905-799-1625
node/3561284961,Chopstick Cuisine,43.7029686,-79.644284,,,,,,
node/3561284965,Mangoes,43.7035827,-79.6435434,,,,,,
node/3632116936,China Taste,43.7143246,-79.6298283,,,,,,
node/3653499892,Caribbean Star,43.7131143,-79.6332906,,,,,,
node/3653499901,The Kebob,43.7133063,-79.6333631,,,,,,+1-905-678-2324
node/3705929344,Friends Restaurant,43.7048497,-79.7262399,,,,,https://youngjoo3.wixsite.com/friendsrestaurant,+1 905-460-0135
node/3740334285,Veggie Villa,43.7330179,-79.6346815,,,,,,
node/3740334287,Student Junction Indian Restaurant,43.7325819,-79.6350138,,,,,,+1 905-956-8600
node/3829987337,China Garden,43.7052654,-79.6430917,,,,,,
node/3829987340,Mughal Mahal,43.7053279,-79.6420558,,,,,,
node/3838215969,Airport Grill Restaurant,43.704244,-79.6437631,,,,,,
node/3908798667,Johal Sweets,43.784484,-79.6630354,,,,,,
node/4316246407,Brar's,43.7298238,-79.7653473,"140, Great Lakes Drive, Brampton",Brampton,,,https://www.brars.ca/brar-restaurant/locations.php,+1-905-789-8887
node/4401517864,Zorro's Steakhouse & Seafood,43.6976142,-79.65652,"7171, Torbram Road, Mississauga, L4T 3W4",Mississauga,,L4T 3W4,https://www.zorrossteakhouse.com/,+1 905-671-1149
node/4535947651,Guru's Chilli Chinese Cuisine,43.7712526,-79.6611275,,,,,https://www.gurushakkacuisine.com/,+1-905-794-0995
node/4650710347,Kings wok,43.7402177,-79.7595671,"630, Peter Robertson Boulevard, Brampton, L6R 1T4",Brampton,,L6R 1T4,,+1-905-799-8288
node/4877032724,Sweet Palace indian restaurant,43.7580557,-79.737256,,,,,,
node/5931327255,Radica's Hot and Spicy,43.7005548,-79.7419529,"263, Queen Street East",,,,,
node/6226609534,Zimidar Bar and Grill,43.7040812,-79.7389428,,,,,https://www.zimidarbarandgrill.ca/,+1 905 451 0600
node/6226609536,Signature Premium Dining Experience,43.7041948,-79.740758,"378, Queen Street East",,,,,
node/6341484660,Prem Sweets & Restaurant,43.7731721,-79.662649,,,,,,
node/6341484671,Massi Sports Bar & Grill,43.7730259,-79.6633209,,,,,,
node/6341941408,The Nilgris,43.7725116,-79.66069,,,,,,
node/6341941420,Dalchini Hakka Chinese Cuisine,43.7719276,-79.6612747,,,,,,
node/6341947259,Island Style Restaurant & Bar,43.7717415,-79.6605461,,,,,,
node/6341973939,Royal Paan,43.7706865,-79.6588154,,,,,,
node/6341973955,Punjabi by Nature,43.7705133,-79.6601021,,,,,,
node/6538115279,EQ Lounge,43.6949261,-79.6933874,"120, Advance Boulevard",,,,,
node/6547908164,Meltwich Food Co,43.7080395,-79.7336633,"148, West Drive",,,,https://meltwich.com/,
node/6547925946,Punjaabi Chaaphouse,43.7136574,-79.7458674,,,,,,
node/7022947742,Wild Wing,43.7705924,-79.7552722,,,,,,
node/8001315789,Paanchayat,43.7567707,-79.7628637,"20, Dewside Drive",,,,,+1 9057913313
node/9008371757,The Jack Rollers Resto-Bar Lounge,43.7000106,-79.7425919,,,,,,
node/9008380207,Calypso Hut,43.7007817,-79.7417679,,,,,,
node/10780162890,Heritage Fish & Chips,43.7022411,-79.7366409,"295, Queen Street East",,,,https://www.heritagefishnchips.com,+1 905-451-0725
node/10780162898,Saigon House,43.7022212,-79.7386091,"295, Queen Street East, Brampton, L6W 3W9",Brampton,,L6W 3W9,https://saigonhouserestaurant.ca/,+1 905-874-8111
node/10780162899,Tikka Junction,43.7021162,-79.7387477,"295, Queen Street East, Brampton, L6W 3R1",Brampton,,L6W 3R1,https://tikkajunctioncanada.com/,+1 647-514-4375
node/10780162901,Pizza Hut,43.7021838,-79.7392235,,,,,https://www.pizzahut.ca/huts/ca-1/R32810/,+1 905-454-8888
node/10780162902,Naija Jollof,43.7022369,-79.7393187,,,,,,
node/10780168409,Great Canadian Bagel,43.7025989,-79.7398789,"295, Queen Street East, Brampton",Brampton,,,https://greatcanadianbagel.com/,+1 905-450-7353
node/10786042439,SunRise Caribbean Restaurant,43.7021772,-79.7415549,,,,,https://sunrisecaribbean.com/,+1 905-453-2084
node/10786042440,,43.7022137,-79.7415052,,,,,,
node/10822992492,Shriji Express,43.704929,-79.7262257,,,,,,+1 647-204-8969
node/10822992500,Shriji Catering & Take-out,43.7040698,-79.725515,,,,,https://shrijicatering.ca/,+1 905-451-4050
node/10822992501,Dreamz Restaurant,43.7040947,-79.7256368,,,,,,+1 905-456-1051
node/12752276980,Mirch Masala,43.7002486,-79.743651,,,,,https://www.mirchmasalabrampton.ca/,+1-905-216-7322
node/12863379740,Punjabi Chaap Corner,43.6907316,-79.6708666,,,,,,
node/12897620706,Hakkalicious,43.7294093,-79.7638052,,,,,,
node/13318237528,Swagruhas Dosa Home,43.7096415,-79.6534999,,,,,,
node/13618683752,Stacked Pancake & Breakfast House,43.7298697,-79.7668873,"70, Great Lakes Dr, Brampton, L6R 2K7",Brampton,,L6R 2K7,https://www.stackedpancakehouse.ca/restaurant/brampton-great-lakes-dr,+1-905-500-1654
way/34395939,Swiss Chalet,43.7066865,-79.736134,"160, West Drive, Brampton, L6T 5P1",Brampton,,L6T 5P1,https://www.swisschalet.com/,
way/34720162,Tandoori Haveli,43.6940935,-79.7017133,,,,,,+1 905-796-6666
way/270352681,Musafir Kitchen and Bar,43.707528,-79.735312,"156, West Drive, Brampton, L6T 5P1",Brampton,,L6T 5P1,https://www.musafirkitchen.ca/,+1-905-455-0100
way/662123528,Jack Astor's,43.7083805,-79.73421,"154, West Drive, Brampton, L6T 5P1",Brampton,,L6T 5P1,,
node/520084037,Paramount Fine Foods,43.6815569,-79.714949,,,,,https://www.paramountfinefoods.com/,+1-905-450-1811
node/771994528,Swiss Chalet,43.7135688,-79.7800338,,,,,,
node/887551944,Sushi House,43.6878908,-79.7631359,,,,,,
node/887581925,Henry's Fish & Chips,43.6933829,-79.7681689,"320, Main Street North, Brampton, L6V 4A3",Brampton,,L6V 4A3,https://henrysfishnchips.com/,+1 905-453-8222
node/887581941,Punjabi Chaap Corner,43.6929929,-79.7683062,"320, Main Street North, Brampton, L6V 4A3",Brampton,,L6V 4A3,https://punjabichaapcorner.ca/,+1 905-451-6782
node/887626230,Singapore Garden,43.6949544,-79.7506434,"226, Queen Street East, Brampton",Brampton,,,,
node/934384619,Railway Chai House,43.6962201,-79.7492403,,,,,,
node/2106417038,Pizza Way Restaurant,43.691219,-79.624878,,,,,,
node/2215449894,Sonny's,43.695849,-79.7506548,,,,,,
node/2266539953,Badshah Bar,43.6960986,-79.7494769,,,,,,
node/2266539974,The Mill,43.6876427,-79.7583282,,,,,,
node/2275800979,Presto Presto,43.6806706,-79.6692133,"7033, Telford Way, Mississauga",Mississauga,,,http://www.prestopresto.ca,+1-905-672-5698
node/2275800982,Bara's Hot Cafe,43.6798426,-79.6722283,"7885, Tranmere Drive, Mississauga",Mississauga,,,,+1-905-671-2362
node/2275801008,IL Tartufo Ristorante,43.680601,-79.6690486,,,,,www.iltartufo.ca,
node/2295977905,Tadka King,43.686307,-79.7607421,"35, Main Street North, Brampton, L6X 1M8",Brampton,,L6X 1M8,http://tadkaking.ca/,+1 905-230-0102
node/2305097012,Pho Viet Nam,43.6856377,-79.7593981,,,,,,
node/2494024008,Cristina's Bakery & Grill,43.6876429,-79.7625237,"131, Main Street North, Brampton, L6X 1M9",Brampton,,L6X 1M9,http://cristinasbakerygrill.com/,+1-905-463-2091
node/2752955074,Momo 2 Go,43.6780673,-79.7213027,,,,,https://momo2go.com/,+1 437-264-3363
node/2752955077,Sunset Grill,43.6779564,-79.7210764,,,,,,
node/2832862722,The Works,43.6864116,-79.7598744,,,,,,
node/2867846306,520 Sushi,43.6970401,-79.7486146,"252, Queen Street East, Brampton, L6V 1B9",Brampton,,L6V 1B9,http://www.520sushibrampton.com/,+1-905-457-6593
node/2988550528,Eggsmart,43.7905766,-79.7601212,,,,,,
node/3479320194,Hoya Sushi,43.7311138,-79.6001052,,,,,,
node/3479333976,Burger Boy Restaurant,43.7311425,-79.6006993,,,,,,
node/3479333977,Callaloo Taste of the Caribbean,43.7311038,-79.6008692,,,,,,+1-416-746-8800
node/3479333979,Flava Ceen,43.7311262,-79.6007658,,,,,,
node/3905865010,Hakka Urban Bistro,43.7849524,-79.6258266,"8280, Highway 27, Vaughan, L4H 0R9",Vaughan,,L4H 0R9,,+1-905-856-2422
node/3905865021,Pizza Hut,43.7856666,-79.6252465,,,,,,+1-905-605-3031
node/3905865026,Sunset Grill,43.7848759,-79.6258346,,,,,,
node/3906714201,Sapore Ristorante,43.778497,-79.6237212,,,,,http://www.saporebyzafferano.ca/,+1-905-851-3355
node/3929853653,Sweet Mahal,43.7207808,-79.6144952,,,,,https://www.sweetmahal.ca/,+1-416-679-9191
node/3930426861,Al-Meezan's Spicy Grill,43.7207139,-79.6131995,,,,,http://www.almeezanspicygrill.ca/,+1-416-675-7775
node/4273282117,Desi Bar & Grill,43.6924975,-79.7694796,"341, Main Street North, Brampton, L6X 1N5",Brampton,,L6X 1N5,https://brampton.desibarandgrill.ca/,+1 647-812-1100
node/4286037815,Texas Pit Restaurant,43.7744832,-79.6130433,,,,,,
node/4425284268,Pita Lite,43.6772002,-79.7216401,,,,,https://pitalite.com/,+1 905-595-0203
node/4580353279,Shoeless Joe's,43.6812319,-79.7153251,,,,,https://www.shoelessjoes.ca/,+1-905-796-5637
node/4966971104,The Humber Room,43.7288643,-79.6086972,"205, Humber College Boulevard, Etobicoke, M9W 5L7",Etobicoke,,M9W 5L7,http://www.thehumberroom.ca/,+1-416-675-5012
node/5166314125,Tap & Pour,43.6864486,-79.6272159,,,,,,
node/5256739986,Bombay Blue,43.6917818,-79.7541659,,,,,,
node/5345661424,Nine 18,43.7230936,-79.7726978,"10100, Heart Lake Road, Brampton",Brampton,,,https://www.turnberrygolf.ca/dining.htm,+1-905-500-0918
node/5568321980,Brewster's Bar & Grill,43.6756465,-79.7235634,"400, Steeles Ave E, Brampton, L6W 3R2",Brampton,,L6W 3R2,http://brewstersbarandgrillon.com,+1-905-457-9797
node/5991686944,Chuck's Roadhouse Bar & Grill,43.6957456,-79.7486562,,,,,,
node/6110921403,Loco Kitchen + Bar,43.692856,-79.7450513,,,,,https://locokitchenbar.ca/,+1-905-499-3500
node/6178348063,Tropical Paradise Restaurant & Grill,43.6814343,-79.7292175,"168, Kennedy Road South, Brampton, L6W 3G6",Brampton,,L6W 3G6,http://tropicalparadiserestaurant.com,+1-905-455-8100
node/6226609542,Pho Peter,43.6972663,-79.7522066,,,,,,
node/6226609543,Fresh Tandoori,43.6961124,-79.7507555,,,,,,
node/6334432782,Red Kaoliang,43.75183,-79.599997,"2200, Martin Grove Road",,,,,
node/6334466328,Punjabi Haveli,43.7350191,-79.6025534,,,,,https://www.punjabihaveli.ca/,+1-416-855-1519
node/6334482671,Mr. Greek,43.7355058,-79.6053131,,,,,,
node/6334482673,Crave Grill House,43.7353929,-79.6057295,,,,,,
node/6334487386,Wok of Asia,43.7341482,-79.6059326,,,,,,
node/6373194129,Tropical Island Caribbean Restaurant,43.7744342,-79.6129415,,,,,,
node/6373194145,Choice of the Orient,43.7764149,-79.6104723,,,,,,+1-905-850-6388
node/6373195778,Crave Indian,43.7732966,-79.6254415,"6150, Highway 7, Woodbridge, CA",Woodbridge,,,,
node/6532871913,Sunrise Chinese,43.6972263,-79.7521564,,,,,,
node/6541002809,Dosa Boyz,43.6788481,-79.720698,"35, Resolution Drive, Brampton, L6W 0A6",Brampton,,L6W 0A6,https://dosaboyz.ca/,
node/6541002810,Green Bites,43.679172,-79.7211529,"35, Resolution Drive, Brampton, L6W 0A6",Brampton,,L6W 0A6,https://www.greenbiteschinesefood.com/,+1 905-455-2221
node/6547160019,Pho Bo Saigon,43.7148048,-79.779873,,,,,,
node/6547160021,Golden Lake Chinese Food,43.7148717,-79.7799803,,,,,,
node/6554431766,Maggiano's,43.7206414,-79.5994343,"500, Rexdale Boulevard",,,,,
node/6554593079,D' Jerk & Roti,43.7360072,-79.6020547,,,,,,
node/6554593081,Haveli Sweets & Restaurant,43.7359045,-79.6020091,"130 #1, Westmore Drive, M9V 5E2",,,M9V 5E2,https://punjabi-haveli.com/,+1 4168551519
node/6554677024,Zaiga Restaurant & Sweets,43.7440643,-79.6042802,,,,,,
node/6554677038,Carribean Lyme,43.7443361,-79.6057883,,,,,,
node/6554677040,Focaccia's,43.7432238,-79.6078134,,,,,,
node/6554677045,Yellow Chilly,43.7434224,-79.6054423,,,,,,
node/6990034962,Spicy Island  Jerk,43.687905,-79.7628607,,,,,,
node/7170560023,Gypsy Queen,43.6856707,-79.7594242,,,,,,
node/7195489013,Lot 25,43.6860493,-79.7604208,"15, Main Street North, Brampton",Brampton,,,https://www.lot25.ca/,+1 905-500-5233
node/7195565575,Palm Palace,43.6895121,-79.7389402,,,,,,
node/7195565576,Pho Lang Viet,43.6899232,-79.7390314,,,,,,
node/7195565579,Karahi Stop,43.6880915,-79.7412587,,,,,,
node/7195565580,Jamaica House Jerk,43.6878791,-79.7409897,,,,,,
node/7195565581,Paranthe Wali Gali,43.688524,-79.7418745,,,,,,
node/7195565582,Sector 17,43.6893532,-79.7426142,,,,,,
node/7325964481,Karavan Kabob House,43.6765378,-79.7191193,,,,,,
node/8567826010,Freshii,43.7002946,-79.6363572,"6795, Airport Road, Mississauga",Mississauga,,,,
node/8567830617,Eggsmart,43.7001818,-79.63622,"6795, Airport Road, Mississauga, L4V 1E6",Mississauga,,L4V 1E6,,
node/9008392537,Dosa Dosa,43.698866,-79.7451604,,,,,,
node/9777737066,Freshii,43.6779748,-79.7211835,,,,,,
node/10682199699,Shawarma Point Wingz N Thingz,43.6936191,-79.7696811,"332, Main Street North, Brampton, L6V 1P8",Brampton,,L6V 1P8,https://shawarmapointwnt.com/,+1 905-497-7818
node/10682199704,Jerk & Tings Restaurant,43.6934202,-79.7694316,"332, Main Street North, Brampton, L6V 1P8",Brampton,,L6V 1P8,,
node/10682233716,Willy's Jerk,43.6964816,-79.7713136,"370, Main Street North, Brampton, L6V 4A4",Brampton,,L6V 4A4,,
node/10682233724,Tahini's,43.6955745,-79.7703105,"370, Main Street North, Brampton, L6V 4A4",Brampton,,L6V 4A4,https://tahinis.com/,+1 289-948-6181
node/10684576108,,43.6789936,-79.7209095,"35, Resolution Drive, Brampton, L6W 0A6",Brampton,,L6W 0A6,,
node/10684661659,9 Queen Chinese,43.6860862,-79.7594958,"9, Queen Street East, Brampton, L6W 2A7",Brampton,,L6W 2A7,https://9queenchinese.com/,+1 905-874-8688
node/10778605500,Swiss Chalet,43.6768141,-79.7222013,,,,,https://www.swisschalet.com/en/locations/on/brampton/90-resolution-drive,+1 289-948-6203
node/10783406802,Pizzaish,43.7226407,-79.7872131,,,,,,
node/10783441196,Wah G Wah,43.7190306,-79.7822562,,,,,https://wahgwahbrampton.com/,+1 905-867-6636
node/10783447340,Patto Sweets North,43.7203806,-79.7820673,,,,,https://www.facebook.com/people/Patto-catringSweets-Patto-Sweets-North/100057336893413/,+1 416-561-5133
node/10812972379,Pizzanini,43.6855384,-79.7592452,,,,,,
node/10909775170,Wild Wing,43.6962747,-79.7479576,,,,,,
node/10909781999,Queen Takeout N Catering,43.6987418,-79.7450291,,,,,https://www.queentakeoutncatering.com/,+1-905-497-5677
node/10909783181,Shawarma Corner,43.696679,-79.7474857,,,,,,
node/10909786746,Gusto Pizzaria,43.6982282,-79.7460876,"247, Queen Street East",,,,https://www.gustopizzaria.ca/,+1 905-455-1010
node/11232441889,Burrito Bandidos,43.6756558,-79.7235116,"400, Steeles Avenue East, Brampton, L6W 3R2",Brampton,,L6W 3R2,https://www.burritobandidos.ca/,+19054974321
node/12319349311,Ocean Palate Indian Restaurant,43.7919193,-79.7376105,"10940, Goreway Drive, Brampton",Brampton,,,,
node/12319349317,Bikanervala,43.7917186,-79.7383991,"10940, Goreway Drive, Brampton",Brampton,,,,
node/12457943501,Pasha Kebab House,43.7745476,-79.6130019,"5731, Highway 7, L4L 4Y9",,,L4L 4Y9,https://pashakebabhouse.ca/,+1 905-856-3434
node/12474014206,Hashtag Foods,43.6914316,-79.754548,,,,,,
node/12863161784,The Keg,43.7748292,-79.6227006,,,,,,
node/12863169231,Sake Sushi,43.773292,-79.6175416,,,,,,
node/13254407885,Mary Brown Chicken,43.7904993,-79.7601264,,,,,,
node/13515453101,Apna Pind,43.6790447,-79.6693194,"7033, Telford Way, L5S 1V4",,,L5S 1V4,https://apnapindcanada.com/,+1-905-678-2100
node/13649905030,Kachori House,43.6841,-79.7151433,"12, Bram Court, Brampton, L6W 3R6",Brampton,,L6W 3R6,https://www.kachorihouse.com/,+1-647-804-3570
way/34165937,Mandarin,43.678111,-79.70819,"238, Biscayne Crescent, Brampton",Brampton,,,https://mandarinrestaurant.com/,+1-905-451-2222
way/58361203,Punjabi Chaap Corner,43.7353644,-79.60471,,,,,,
way/194217085,Boston Pizza,43.6788461,-79.7201465,"65, Resolution Drive",,,,,
way/377809572,Swiss Chalet,43.7732226,-79.6239856,,,,,,
way/659533739,Tandoori Time,43.7430568,-79.6029316,,,,,,
node/310142575,Swiss Chalet,43.7121924,-79.5776247,,,,,,
node/378462360,Fanzorelli's Restaurant & Lounge,43.6850495,-79.7611284,,,,,,
node/378473101,Sushi Brampton,43.6860319,-79.7624486,"31, George Street, Brampton",Brampton,,,,
node/431144158,Anjappar Chettenad,43.6677389,-79.7335017,,,,,,
node/1870128254,Hakka House,43.7275297,-79.7973345,,,,,https://www.hakkahousebrampton.ca/,+1 905 970 1886
node/1870128317,Eggsmart,43.7273387,-79.7975277,,,,,http://www.eggsmart.ca/,
node/1898960306,Swiss Chalet,43.7244312,-79.8130813,,,,,,
node/1918832273,Kesar Sweets & Restaurant,43.7243307,-79.8145983,,,,,https://www.kesars.ca/,+1-905-495-2228
node/2262125712,Heritage Fish & Chips,43.7140401,-79.799955,,,,,https://www.heritagefishnchips.com/,+1-905-451-0725
node/2305097020,Sulirmaos Southern Brothers Foodery,43.6842363,-79.7598005,,,,,,
node/2324505360,Bj's Caribbean Kitchen,43.7288934,-79.7955184,"180, Sandalwood Parkway East, Brampton, L6Z 1Y4",Brampton,,L6Z 1Y4,,
node/2489803885,Il Porcellino Restaurant,43.6676641,-79.6679816,"6720, Davand Drive, Mississauga, L5T 2K7",Mississauga,,L5T 2K7,https://ilporcellino.com/,+1-905-696-9755
node/2561845514,Vinifera,43.676683,-79.6114137,,,,,,
node/2753028866,St. Louis Bar & Grill,43.6980003,-79.7994605,,,,,,
node/2753030745,Sunset Grill,43.7074447,-79.7858357,,,,,,
node/3590608889,Freshii,43.6872492,-79.621949,,,,,,
node/3618391885,King of Fish 'N' Chips,43.7794724,-79.5881373,,,,,,
node/3644735636,Bucatini,43.7045513,-79.7893109,,,,,http://bucatinirestaurant.com/,
node/3654886504,Caribbean Desire,43.6643408,-79.6586737,,,,,http://caribbeandesire.ca/,
node/3969700260,Punjabi Haveli Dhaba Express,43.6631013,-79.7300842,,,,,,
node/3969700266,Wok of Fame,43.6597025,-79.7263604,,,,,,
node/4178567222,Mandarin,43.7197713,-79.5960178,,,,,,
node/4278944004,Golden Palace Chinese Food,43.6663615,-79.7321141,,,,,,
node/4490585730,JP's Bar & Grill,43.6976636,-79.5935359,,,,,,
node/4510510472,Spotlight Caribbean Kitchen,43.7153195,-79.5929864,"130, Queen's Plate Drive, Toronto, M9W 0B4",Toronto,,M9W 0B4,https://spotlightcaribbeankitchen.com/,
node/4510510474,Xawaash,43.7154231,-79.5930089,,,,,https://www.xawaashrestaurant.com/,
node/5026174322,Wahlburgers,43.6782739,-79.6117961,,,,,,
node/5127356502,Bliss Restaurant & Bar,43.6866229,-79.603584,,,,,,
node/5166313532,Freshii,43.6850823,-79.6237695,,,,,,
node/5166313535,Fionn MacCool's,43.6858615,-79.6214966,,,,,,
node/5166351826,Plaza Premium Lounge,43.6859146,-79.6219141,,,,,,
node/5166355625,Urban Crave,43.6854862,-79.623291,,,,,,
node/5166394226,Acer,43.6825636,-79.6200772,,,,,,
node/5166394229,Paramount Fine Foods,43.6827434,-79.6202261,,,,,,
node/5166409224,Airfrance KLM Lounge,43.6826641,-79.6204568,,,,,,
node/5166409225,British Airways Lounge,43.6826248,-79.6203976,,,,,,
node/5166413224,Plaza Premium Lounge,43.6826874,-79.6203264,,,,,,
node/5645959401,Boccone trattoria veloce,43.6796205,-79.6166965,,,,,,
node/5917075348,Blue Sky Restaurant and Bar,43.733088,-79.5881949,"1701, Martin Grove Road, Etobicoke, M9V 4N4",Etobicoke,,M9V 4N4,,
node/6328107169,Moxie's,43.6899674,-79.5908306,,,,,,
node/6328144887,Turtle Jack's Muskoka Grill,43.6862479,-79.5960681,,,,,,
node/6334199723,Caribbean Heat 2,43.7419646,-79.5838486,"1530, Albion Road",,,,,
node/6334287537,876 Jamrock Restaurant,43.7425466,-79.5897885,"6210, Finch Avenue West",,,,,
node/6334374227,Tandoori Sangham,43.7507458,-79.5847983,,,,,,
node/6334374234,Lucky Star,43.750793,-79.5843461,,,,,,
node/6334392484,Real Island Flavour,43.7567975,-79.5891988,,,,,,
node/6373214268,Denny's,43.7760736,-79.6038518,"25, Woodstream Boulevard, Woodbridge, L4L 7Y8",Woodbridge,,L4L 7Y8,https://www.dennys.ca/restaurant/ontario/woodbridge/,+1 905-605-8168
node/6373214273,Akita Sushi,43.7760927,-79.6035312,,,,,,
node/6546851772,Tonino Pizzeria & Panini,43.6959783,-79.7999655,"10088, McLaughlin Road North, Brampton, L6V 1A1",Brampton,,L6V 1A1,https://www.toninospizza.ca/,+1-905-495-7737
node/6546851773,Sunrise Caribbean Restaurant,43.6959337,-79.7998984,,,,,,
node/6546873269,Pho Dau Bo,43.7028362,-79.785613,,,,,,
node/6546873274,Prem Sweets & Restaurant,43.7026956,-79.7857645,,,,,,
node/6546873276,Gems Jerk,43.7025929,-79.7858812,,,,,,
node/6546873281,Fan 'D' Flame,43.7023796,-79.786242,,,,,,
node/6546951259,Chung's Caribbean Hut,43.7071117,-79.7876736,,,,,,
node/6546951269,Nando's,43.7076381,-79.7856452,,,,,,
node/6546952102,Toshi Japanese Restaurant,43.7036215,-79.7848177,,,,,,
node/6546952105,Dosa Den,43.7034606,-79.7845991,,,,,https://dosaden.business.site/,+1 905-497-3672
node/6554560737,The Swiss Pick Restaurant,43.7161086,-79.5937586,,,,,,+1-416-800-1222
node/6554560738,Tandoori Masala,43.7149938,-79.5938256,"120, Queen's Plate Drive, Toronto",Toronto,,,,+1-416-747-7000
node/6558170217,Mundo,43.7851256,-79.5936513,,,,,,
node/6559074149,Pho Asia,43.7853744,-79.5923089,,,,,,
node/6559074166,La Veranda,43.7855903,-79.5935319,,,,,,
node/6559074169,Cento 40,43.7854809,-79.5929559,,,,,,
node/6566641277,Seens Bar & Grill,43.6666383,-79.7398025,,,,,,
node/6571761653,Harbourside Fish&Chips,43.7280415,-79.79643,,,,,,
node/6571761659,Nawab Saab,43.7274722,-79.7973812,"164, Sandalwood Parkway East, Brampton",Brampton,,,https://www.nawabsaab.ca,+1 905-840-9090
node/6571761660,Adobo Fresh Burrito,43.727415,-79.7974332,"164, Sandalwood Parkway East, Brampton, L6Z 3S4",Brampton,,L6Z 3S4,https://freshburrito.ca,+1 289-752-7574
node/7117963100,Sunset Grill,43.684825,-79.7607856,,,,,,
node/7195504184,Pampanga Cuisine,43.6765961,-79.771931,,,,,,
node/7195543531,Indo-Canadian Food Hut,43.6576772,-79.741024,,,,,,
node/7195548286,Eggsmart,43.6764565,-79.7695812,,,,,,
node/7195548290,Stacy Lee's Family Restaurant,43.6760469,-79.768999,,,,,,
node/7195579647,Premium Sweets & Desserts,43.6670323,-79.6841685,,,,,,
node/7557094364,Golden Lotus Chinese Cuisine,43.7935213,-79.6250801,,,,,,
node/8238928657,Lee Kitchen,43.6767335,-79.6124719,,,,,,
node/10218386942,Delhi Hub Restaurant,43.6766111,-79.7465846,"184, Main Street South",,,,,+1-905-450-2777
node/10660381190,Churrasqueira Nova Esperanca BBQ Chicken,43.7010374,-79.7790409,"110, Brickyard Way, Brampton, L6V 4L9",Brampton,,L6V 4L9,http://www.portuguesechicken.ca/,+1 905-457-5592
node/10672010272,Royal Palace,43.7277101,-79.7971945,"164, Sandalwood Parkway East, Brampton, L6Z 3S4",Brampton,,L6Z 3S4,https://royalpalacerestaurant.ca/,+1-905-840-0090
node/10672046270,Brocode Era,43.7102128,-79.7910988,,,,,https://www.brocodeera.ca/,+1 905-495-7132
node/10672046271,Paan & Faluda House,43.71017,-79.7911622,"1, Wexford Road, Brampton, L6Z2W1",Brampton,,L6Z2W1,,+1 905-970-1100
node/10672046275,D Spot Dessert Cafe,43.709886,-79.7908889,"1, Wexford Road, Brampton, L6Z2W1",Brampton,,L6Z2W1,https://dspotdessert.com,
node/10679129068,Annalakshmi,43.7073897,-79.789773,"10086, Hurontario Street, Brampton, L7A 1E5",Brampton,,L7A 1E5,https://annalakshmi.ca,+1 905-230-3672
node/10682199687,Portas Do Mar Bar & Grill,43.694678,-79.7724134,"389, Main Street North, Brampton, L6X 1N7",Brampton,,L6X 1N7,http://portasdomarbarandgrill.com,+1 905-457-9377
node/10684906755,Wimpy's Diner,43.7088737,-79.7919215,"10178, Hurontario Street, Brampton, L7A 0E4",Brampton,,L7A 0E4,https://wimpysdiner.ca/,+1 905-840-0100
node/10693533498,Chicken Master,43.7139507,-79.7998428,"13, Fisherman Drive, Brampton, L7A 2X9",Brampton,,L7A 2X9,https://chickenmaster.com/,+1 905-495-8800
node/10772175115,Anokhi,43.6598228,-79.7215737,"200, County Court Boulevard, Brampton, L6W 4L2",Brampton,,L6W 4L2,https://www.anokhi.ca/,+1 905-459-8200
node/10772175118,Standard Sweets & Restaurant,43.6592993,-79.7210347,"200, County Court Boulevard, Brampton, L6W 4K7",Brampton,,L6W 4K7,https://standardsweets.ca,+1 905-450-0306
node/10772175124,New China Garden,43.6589754,-79.721392,"200, County Court Boulevard, Brampton, L6W 4K7",Brampton,,L6W 4K7,http://www.newchinagarden.ca,+1 905-796-7988
node/10772175127,Pomodoro,43.6588135,-79.7215683,"200, County Court Boulevard, Brampton, L6W 4K7",Brampton,,L6W 4K7,http://www.pomodoro.ca/,+1 905-450-1100
node/10772175128,Lazeez Shawarma,43.6588589,-79.7215188,"200, County Court Boulevard, Brampton, L6W 4K7",Brampton,,L6W 4K7,https://www.lazeezshawarma.com/,+1 905-796-0200
node/10772175130,Pineapple Express Juice Bar,43.6589342,-79.7214324,"200, County Court Boulevard, Brampton, L6W 4K7",Brampton,,L6W 4K7,,
node/10799578099,Bukhara Grill,43.6760682,-79.7460551,"190, Main Street South",,,,https://bukharagrillbrampton.com/,+1 905-453-8585
node/11049559376,Mr. Puffs,43.7061763,-79.7853052,,,,,https://mrpuffs.com,+1 365-333-0066
node/11049928846,Pos Bueno Mexican Restaurant & Bar,43.6843545,-79.7600296,,,,,https://www.posbuenorestaurantbar.com/,+1 647-767-0464
node/11250128522,Honest Vegetarian Indian Restaurant,43.6655337,-79.7317321,,,,,,
node/11473394269,Plaza premium lounge,43.6767061,-79.611349,,,,,,
node/11623086788,Riyasat Sweets & Restaurant,43.741575,-79.5895004,,,,,https://theriyasat.ca/,+19052915644
node/11737940725,Dal & Chal,43.6668804,-79.6843818,,,,,,
node/12328796807,Air Canada Cafe,43.6813989,-79.6143672,,,,,,
node/12360472944,Punjabi By Nature,43.7282115,-79.7969454,,,,,https://www.punjabibynature.ca/,+1-905-846-7700
node/12569472678,Happy Singh Street Eats,43.6581267,-79.7233308,,,,,,
node/12569497956,Nam’s Hakka,43.6637506,-79.7306447,,,,,,
node/12569716870,Grillies,43.6853094,-79.7609377,,,,,,
node/12569740099,Sarbat Foods Indian Cuisine,43.6832118,-79.762357,,,,,,
node/12691956431,Freshii,43.696394,-79.7989295,,,,,,
node/12862664515,Mosaic,43.6865865,-79.6039905,,,,,,
node/13093228979,Madras Cuisine,43.662711,-79.7274382,,,,,,
node/13093235189,Chilli Chicken House,43.6579555,-79.7253018,,,,,,
node/13093244858,Fattoush Mediterranean Grill,43.6578436,-79.723702,,,,,,
node/13093246259,99,43.6634933,-79.7319809,,,,,,
node/13093246260,Pho-Mi,43.6634392,-79.7319496,,,,,,
node/13093246261,Sai Sweets & Restaurant,43.6633998,-79.7319034,,,,,,
node/13093246263,Chawla’s,43.6632729,-79.7317595,,,,,,
node/13093246268,Rose’s Kitchen,43.6630528,-79.7314981,,,,,,
node/13093246273,Royal Paan,43.6633784,-79.731155,,,,,,
node/13093246278,Chat Hut Sweets & Restaurant,43.6635839,-79.730924,,,,,,
node/13360795001,Plaza premium lounge,43.6807182,-79.6130284,,,,,,
node/13360795101,Plaza premium lounge (domestic) -2f,43.6818394,-79.614934,,,,,,
node/13360795103,,43.685449,-79.6197259,,,,,,
node/13370789436,Harihar Thal,43.7414866,-79.5894742,,,,,,
node/13608417550,Tikka Lounge,43.7426639,-79.5893774,,,,,,
way/34517851,Symphony Banquet Hall,43.6648755,-79.6871096,"959, Derry Road East, Mississauga, L5T 2J7",Mississauga,,L5T 2J7,https://symphonyeventcentre.ca,+1-905-564-0244
way/79660813,Lone Star Texas Grill,43.6872276,-79.5972592,"930, Dixon Road, Toronto, M9W 1J9",Toronto,,M9W 1J9,https://lonestartexasgrill.com/locations/etobicoke,+1-416-674-7777
way/79660814,The Keg,43.6862761,-79.5974538,"927, Dixon Road, Toronto, M9W 1J8",Toronto,,M9W 1J8,https://thekeg.com/en/locations/dixon-road,+1-416-675-2311
way/116883779,Pür & Simple,43.6589244,-79.7253457,,,,,,
way/176266024,John's Family Restaurant,43.714301,-79.7994565,"1, Fisherman Drive, Brampton, L7A 2X9",Brampton,,L7A 2X9,https://johnsfamilyrestaurants.com/,+1 905-840-8888
way/215626724,The Keg,43.7045271,-79.7861071,,,,,https://thekeg.com/en/locations/brampton,+1-905-456-3733
way/242666093,Kelsey's,43.7073365,-79.7842062,,,,,,
way/267221105,Flips,43.7042005,-79.7853077,,,,,,
way/432968808,Tokyo Maki Sushi,43.6681985,-79.7351982,"2, Bartley Bull Parkway, Brampton",Brampton,,,,+1-905-456-3988
way/442913076,Heritage India,43.6975825,-79.776173,"485, Main Street North, Brampton, L6X 1N8",Brampton,,L6X 1N8,https://heritageindiarestaurant.ca/,+1-905-451-2600
way/659539586,Yo Amo Tacos,43.764916,-79.5762355,"7034, Islington Avenue, Woodbridge",Woodbridge,,,,
way/675736665,Ruth's Chris Steak House,43.6868894,-79.5998924,,,,,,
node/383551131,,43.7009122,-79.5755607,,,,,,
node/599896641,Chicago Pizza Oven,43.8151937,-79.6176045,,,,,,
node/599896652,St. Philip's Bakery,43.817671,-79.6027558,"5100, Rutherford Road, Vaughan, L4H 2J2",Vaughan,,L4H 2J2,,
node/1185390810,Twin Fish,43.6371371,-79.6915414,,,,,,
node/1185390811,Shoeless Joe's,43.637236,-79.6913456,,,,,,
node/1185390820,Mi'Hito Sushi Lab,43.6374729,-79.6917399,,,,,,
node/1185390824,Taste of Mediterranean,43.6369664,-79.6917774,,,,,,
node/1185390863,World Shewarma King,43.6370032,-79.6917211,,,,,,
node/1185390943,Demetre,43.637537,-79.6916487,,,,,,
node/1185390944,China Palace,43.637044,-79.6916567,,,,,,
node/1185390958,Downtown Mumbai,43.6370944,-79.6916031,,,,,,
node/1409298662,Pita & Grill,43.6457473,-79.704817,,,,,,
node/1409298884,Turtle Jack's,43.6385349,-79.6919899,,,,,,
node/1409298913,Denny's,43.6367452,-79.6928106,,,,,,
node/1409298914,Boston Pizza,43.6364656,-79.6923707,,,,,,
node/1434183701,La Scala Ristorante,43.660289,-79.600464,"2601, Matheson Boulevard East",,,,https://lascalacuisine.com/,+1-905-629-8686
node/1913557856,Antica Osteria Italian Eatery,43.7363611,-79.8228383,,,,,,
node/2078234554,Starving Artist,43.7194654,-79.5692801,"2141, Kipling Avenue, Etobicoke, M9W 4K8",Etobicoke,,M9W 4K8,http://www.starvingartistbar.com/,+1-647-350-8240
node/2495375487,Mandarin,43.6911195,-79.8021903,,,,,,
node/3303286932,India Curry House,43.681475,-79.8049417,,,,,,
node/3317158155,New York Fried Chicken,43.7260759,-79.8319766,,,,,,
node/3485479634,Kelsey's,43.6444629,-79.6342823,,,,,https://www.kelseys.ca,
node/3485479636,Montana's,43.644894,-79.6345451,,,,,https://www.montanas.ca,
node/3824082870,Solarium,43.7135909,-79.5603623,"54, Rexdale Boulevard, Etobicoke, M9W 1N7",Etobicoke,,M9W 1N7,,
node/3855202958,Bakhtar Kabab,43.6461144,-79.6571386,,,,,https://www.bakhtarkabab.ca/,+1-905-670-9944
node/3958936908,Chimney Fresh,43.6430987,-79.7083382,,,,,,+1-905-565-6786
node/3958936910,Zen Gardens,43.6431451,-79.7087009,,,,,http://www.zen-garden.ca/,+1-905-461-2498
node/3958962381,Boulevard Mediterranean Restaurant,43.6425754,-79.7005448,"6781, Hurontario Street",,,,,
node/3959799484,Guru Lukshmi,43.6393148,-79.7159378,,,,,http://www.gurulukshmi.com/,+1-905-795-2299
node/3959799489,Potluck Caribbean Cuisine,43.639148,-79.7161173,,,,,,
node/3959799492,Wild Wing,43.6394004,-79.7158644,,,,,,
node/3975023787,St. Louis Bar & Grill,43.6457023,-79.704753,,,,,,
node/4001723546,Denny's,43.6420594,-79.6315531,,,,,,
node/4004214041,Ariana Halal Meat & Kabob House,43.6753996,-79.8057686,,,,,,
node/4006780648,India's Taste,43.6426071,-79.74715,,,,,,+1-905-450-5959
node/4011412245,Soaltee Restaurant,43.6380904,-79.7284978,,,,,http://soaltee.ca/,+1-905-956-6111
node/4207071169,Jeanie's,43.6551566,-79.6465079,,,,,http://www.jeaniesrestobar.com/,+1-905-564-1400
node/4308837856,The Hakka Club,43.638138,-79.7157848,,,,,,
node/4308837857,Sunset Grill,43.638204,-79.7157204,,,,,,
node/4413809292,Royal Taste,43.7052993,-79.8356261,"10990 Unit # 4, Chinguacousy Road",,,,,+1-905-846-1011
node/4431091592,Sushi-Ya Japan,43.6902092,-79.575937,,,,,https://www.sushiyajapan.com/,+1-416-249-9666
node/4431106990,Milestones,43.6908293,-79.5763656,Dixon Road,,,,https://www.milestonesrestaurants.com/,+1-416-245-6262
node/4432802761,Caribbean Sunrise,43.651539,-79.6645623,,,,,https://sunrisecaribbean.com/,+1-905-564-7800
node/4432802762,The Friendly Grill,43.6507437,-79.6642293,,,,,,
node/4519705891,Scaddabush,43.6893738,-79.584584,,,,,,
node/4519732243,Anchor Bar,43.691191,-79.5757831,,,,,https://www.anchorbar.com/,
node/4519732244,Swiss Chalet,43.6915129,-79.5766307,,,,,,
node/4519732247,Makimono Restaurant,43.6909462,-79.5755987,,,,,https://www.makimono.ca/,+1-416-248-6666
node/4519743001,Ginko Japanese Cuisine,43.6893922,-79.577322,,,,,http://www.ginkojapaneserestaurant.ca/,
node/4519743002,Perkins,43.6919795,-79.5727623,,,,,https://www.perkinsrestaurants.com/,+1-416-240-9741
node/4519743003,Kiwi Rice & Noodle Bar,43.6901841,-79.5760317,,,,,http://www.kiwiricenoodlebar.ca/,
node/4616626977,Pepper Fry South Indian Cuisine,43.6413686,-79.6320904,"1350, Matheson Boulevard East, Mississauga, L4W 4M1",Mississauga,,L4W 4M1,,
node/5053656981,Jack Astor's,43.689206,-79.584508,"25, Carlson Court, Toronto",Toronto,,,http://jackastors.com/,+1-416-213-1688
node/5291140722,Moxie's,43.636346,-79.6908539,"75, Annagem Boulevard, L5T 2Y3",,,L5T 2Y3,,
node/5367350225,DelightPho,43.6553607,-79.7678564,"45, Dusk Drive, Brampton, L6Y 5Z6",Brampton,,L6Y 5Z6,,+1-905-456-6651
node/5371575402,Golden Gate,43.7232126,-79.5600136,,,,,,
node/5379771760,Rajdhani Sweets and Restaurant,43.6877611,-79.8049351,,,,,,
node/5379784708,Doaba Sweets Restaurant,43.6587065,-79.7499873,"305, Charolais Boulevard, Brampton, L6Y 2R2",Brampton,,L6Y 2R2,,
node/5706021524,Brar's Restaurant,43.7380828,-79.5661756,"2646, Islington Avenue, Etobicoke, M9V 2X5",Etobicoke,,M9V 2X5,,+1-416-745-4449
node/5706024224,Bangali Sweets & Restaurant,43.7385239,-79.5654702,"2651, Islington Avenue, Etobicoke, M9V 2X6",Etobicoke,,M9V 2X6,,+1-416-746-9393
node/5706095024,Asia Garden Restaurant,43.7381756,-79.5662003,"2648, Islington Avenue, Etobicoke, M9V 2X5",Etobicoke,,M9V 2X5,,+1-416-749-8333
node/5706096255,Golden Joy Restaurant,43.7353405,-79.5591466,"900, Albion Road, Etobicoke, M9V 1A5",Etobicoke,,M9V 1A5,,+1-416-742-8838
node/5706096825,Dosa Darbar,43.7379303,-79.5672632,"1150, Albion Road, Etobicoke, M9V 1A8",Etobicoke,,M9V 1A8,,+1-416-740-9009
node/5706111821,Afro Continental Restaurant Bar & Grill,43.7345018,-79.5600625,"849, Albion Road, Etobicoke, M9V 1A3",Etobicoke,,M9V 1A3,,+1-416-519-6740
node/5706122121,Farida's halal roti pastries,43.7342503,-79.5595228,"827, Albion Road, Etobicoke, M9V 1H2",Etobicoke,,M9V 1H2,,+1-416-551-3076
node/5709076021,Indar's Roti & Doubles,43.737942,-79.567333,"1152, Albion Road, Etobicoke, M9V 1A8",Etobicoke,,M9V 1A8,,+1-416-745-0009
node/5709082221,Karahi Point,43.7380142,-79.5661523,"2642, Islington Avenue, Etobicoke, M9V 2X5, CA",Etobicoke,,M9V 2X5,,+1-416-746-6555
node/5709137824,King of Babylon Inc,43.7351292,-79.5588086,"900, Albion Road, Etobicoke, M9V 1A5",Etobicoke,,M9V 1A5,,+1-416-746-6637
node/5709168722,Amanecer Salvadoreño Restaurant,43.7388577,-79.5656188,"2663, Islington Avenue, Etobicoke, M9V 1L2",Etobicoke,,M9V 1L2,,+1-416-745-1793
node/5709171821,Madras Dosa,43.7371103,-79.5664664,"1123, Albion Road, Etobicoke, M9V 4J7",Etobicoke,,M9V 4J7,,+1-416-677-3672
node/5709207823,Lemongrass Thai Restaurant,43.7344724,-79.5599983,"847, Albion Road, Etobicoke, M9V 1A3",Etobicoke,,M9V 1A3,,+1-416-744-1368
node/5709266124,Pakwan,43.7382757,-79.5662318,"2652, Islington Avenue, Etobicoke, M9V 2X5",Etobicoke,,M9V 2X5,,
node/5709497928,Rajdhani Sweets & Restaurant,43.7384047,-79.5663115,"2658, Islington Avenue, Etobicoke, M9V 2X5",Etobicoke,,M9V 2X5,,+1-416-748-7108
node/5709533045,Roti Roti Family Restaurant,43.7361101,-79.5637178,"979, Albion Road, Etobicoke, M9V 1A6",Etobicoke,,M9V 1A6,,+1-416-745-9208
node/5709578123,Rita's Kitchen,43.7379827,-79.5675301,"1158, Albion Road, Etobicoke, M9V 1A8",Etobicoke,,M9V 1A8,,+1-416-798-4115
node/5709581221,Shawarma Royal,43.7359364,-79.563337,"967, Albion Road, Etobicoke, M9V 1A6",Etobicoke,,M9V 1A6,,+1-647-430-3588
node/5813870318,Gustoso Panini,43.7189274,-79.5710558,"2140, Kipling Avenue, Etobicoke, M9W 4K5",Etobicoke,,M9W 4K5,,+1-416-748-4800
node/5813870319,Willy's Jerk,43.7190186,-79.5711901,"2140, Kipling Avenue, Etobicoke, M9W 4K5",Etobicoke,,M9W 4K5,,
node/6328248458,Chubby's Fish and Chips,43.7151319,-79.5556407,,,,,,
node/6329863960,Hakka Cottage,43.7138282,-79.559307,,,,,,
node/6329863970,Faley Restaurant,43.7139755,-79.5586592,,,,,,
node/6329863977,Baghlan Kebob & Bakery,43.7140657,-79.5579886,,,,,,
node/6329864288,Hamdi Restaurant,43.7143357,-79.5571189,,,,,,
node/6329875181,Red Rock Restaurant,43.7120024,-79.563864,,,,,,
node/6329886746,Wally's Grill,43.7107228,-79.5657751,,,,,,
node/6333522635,Snapper's Paradise,43.7248162,-79.5508,,,,,,
node/6333522636,Ummai Restaurant,43.7248522,-79.5508284,,,,,,
node/6333522640,Al-Aruba Restaurant,43.725454,-79.5514568,,,,,,
node/6333522641,Etob Restaurant,43.7255039,-79.5514957,,,,,,
node/6349884750,De Place Restaurant & Bar,43.7511468,-79.5488588,,,,,,
node/6350077592,Lotus Vegetarian Restaurant,43.7499313,-79.5492193,,,,,,
node/6350077593,Malado Sushi,43.7499168,-79.5493126,,,,,,
node/6350077594,Thuy Restaurant,43.749906,-79.5493691,,,,,,
node/6350077595,Pho Dau Bo,43.7498957,-79.5494241,,,,,,
node/6350077600,Dac Biet,43.749808,-79.5497909,,,,,,
node/6352704684,Pupuseria Salvadorena Grill,43.7495558,-79.5524619,,,,,,
node/6352705189,Lacostenita,43.7495035,-79.5527736,,,,,,
node/6352705190,Lucky Garden Restaurant,43.7494951,-79.5528355,,,,,,
node/6352717357,Punjabi Taste,43.748941,-79.5606085,,,,,,
node/6352773258,Las Calenas,43.7582311,-79.5698828,,,,,,
node/6352818892,Pho Ha Long Restaurant,43.7600357,-79.5704505,,,,,,
node/6352818900,Peppers Caribbean Restaurant,43.7598551,-79.5711177,"3027, Islington Avenue, North York",North York,,,,
node/6352818906,Vangi Food,43.7595198,-79.5709253,,,,,,
node/6352831312,Lucky Sweets & Restaurant,43.7591259,-79.5706407,,,,,,
node/6373239285,Pho Legend,43.7833458,-79.5746587,"4555, Highway 7, Woodbridge, L4L 1S6",Woodbridge,,L4L 1S6,,+1-905-856-3866
node/6515143145,Phở Ngọc Yến,43.6387773,-79.6434894,"1090, Kamato Road",,,,http://sites.google.com/orderup.ai/ngocyenrestaurant,
node/6546837472,Island Vibez,43.6882789,-79.8049302,,,,,,
node/6546837484,Jamaica Island,43.6867884,-79.8070009,,,,,,
node/6546847855,Wild Wing,43.6822486,-79.8157623,,,,,,
node/6547194174,Me Sabe A Peru,43.7698252,-79.5511732,,,,,,
node/6547194176,Wok With You,43.7698978,-79.550807,,,,,,
node/6547194177,La Empanada Cafe,43.7699123,-79.5507373,,,,,,
node/6561283487,Eastern Sense,43.784414,-79.5669083,,,,,,
node/6561283494,Vaughan City Grill,43.7847916,-79.5658395,,,,,,
node/6561283513,Table Seven Bistro,43.7848071,-79.5674407,,,,,,
node/6561283521,Jonathan's Restaurant,43.7847306,-79.5678337,,,,,,
node/6561290495,Pho Viet Express,43.7850481,-79.5648135,,,,,,
node/6561290502,Copa Cabana,43.7844972,-79.5657107,,,,,,
node/7147403290,Asian One,43.8254536,-79.6099917,,,,,,
node/7147403291,Kasoori,43.8241436,-79.6089636,,,,,,
node/7320195981,The Indian Sweet House,43.6553617,-79.7433106,,,,,,
node/7508939394,Osmow's,43.6370509,-79.6916913,"80, Courtneypark Drive East, Mississauga, L5T 2Y3",Mississauga,,L5T 2Y3,,
node/7557124703,KooKoo's Kitchen,43.8172901,-79.6024394,,,,,,
node/7580704694,Arizona Grill and Lounge,43.6834862,-79.5935113,"215, Carlingview Drive",,,,,
node/7580704735,The Bistro,43.6851114,-79.5936391,,,,,,
node/8295278504,Junior's Jamaican Joint,43.6925927,-79.8177808,"333, Fairhill Avenue, Brampton, L7A 3N9",Brampton,,L7A 3N9,https://www.jrsjamaicanjoint.com/,+1 905 495 6617
node/8986923349,Memphis BBQ,43.7893383,-79.58715,,,,,,
node/9968776305,New Pizza House,43.6903293,-79.8148162,,,,,https://www.newpizzahouse.ca/,+1 905-840-4141
node/9968776306,Guru Sweets and Restaurant,43.690282,-79.8148828,,,,,https://www.gurusweets.ca/,+1 905-840-2200
node/10078622578,Pacini,43.6393058,-79.7131544,,,,,,
node/10746802442,Desi Road,43.6921555,-79.8013368,"185, Fletchers Creek Boulevard, L6X 0Y7",,,L6X 0Y7,https://desiroad.ca/,+1-289-499-1000
node/10884190503,Pepper on the side,43.6992966,-79.8213142,,,,,,
node/11417804798,SunRise Caribbean Restaurant,43.6653498,-79.7805822,,,,,,
node/11667618048,Desi Boyz Indian Restaurant,43.654936,-79.6461158,,,,,,
node/12042617596,Red Wing,43.7140057,-79.5558194,,,,,,
node/12691981379,Sardar J,43.6836481,-79.812151,,,,,,
node/12810759353,Gul Gul,43.7840758,-79.5699132,,,,,,
node/12847797363,Lajawab,43.7189117,-79.5711119,,,,,,
node/12861682404,Fatboi Grill,43.659224,-79.601584,,,,,,
node/12989914403,Cluck Clucks,43.6340194,-79.687703,"70, World Drive, L5T2Z3",,,L5T2Z3,https://cluckcluckschicken.com,+1-289-562-0030
node/13050188123,The Cannery,43.6901725,-79.5835832,,,,,,
way/33729054,Spice Culture,43.6454393,-79.7043403,"25, Aventura Court",,,,,
way/34049396,Montana's,43.635853,-79.6915036,,,,,,
way/34582730,Master Steaks,43.6535541,-79.6442006,"5895, Dixie Road",,,,http://mastersteaks.com/,+1-905-670-3313
way/56238537,The Fancy Dosa House,43.7841328,-79.5696728,,,,,,
way/58796602,Asian Buffet,43.7109016,-79.5688585,,,,,,
way/58854890,Handi Indian Cuisine,43.7145749,-79.5687569,"2068, Kipling Avenue, Etobicoke, M9W 4J9;M9W 4K3",Etobicoke,,M9W 4J9;M9W 4K3,,+14167441248
way/58854919,Pizza Hut,43.7142443,-79.5686577,"2066, Kipling Avenue",,,,,
way/62363976,Galaxie Diner,43.7838861,-79.5708739,,,,,,
way/76001213,Boston Pizza,43.6888107,-79.5857778,"5, Carlson Court",,,,https://bostonpizza.com/,+1-416-679-9320
way/76001433,Tucker's Marketplace,43.6890233,-79.5851189,"15, Carlson Court, Toronto",Toronto,,,https://tuckers.ca/,+1-416-675-8818
way/102640137,Wasabi Grand Buffet,43.6380242,-79.6925875,"98, Courtneypark Drive East, Mississauga",Mississauga,,,http://www.wasabibuffet.ca/,
way/102640143,Turtle Jack's Muskoka Grill,43.6385123,-79.6920026,,,,,,
way/236255071,Chop Steakhouse & Bar,43.6868255,-79.5892385,"801, Dixon Road",,,,https://chop.ca/,+1-416-674-7500
way/380340603,Montana's,43.687279,-79.5860534,"65, Skyway Avenue",,,,https://www.montanas.ca/,
way/382171038,Route 401 Diner,43.7009864,-79.5624706,,,,,,
